Generation,Train,Test
0,1.03225,1
1,1.03225,1
2,1.03225,1
3,1.03225,1
4,1.03225,1
5,1.03225,1
6,1.03225,1
7,1.03225,1
8,1.03225,1
9,1.03225,1
10,1.03225,1
11,1.03225,1
12,1.03225,1
13,1.03225,1
14,1.03225,1
15,1.03225,1
16,1.03225,1
17,1.03225,1
18,1.04617,1
19,1.04617,1
20,1.04617,1
21,1.15009,1
22,1.15009,1
23,1.15009,1
24,1.15009,1
25,1.15009,1
26,1.15009,1
27,1.15009,1
28,1.15009,1
29,1.15009,1
30,1.15009,1
31,1.15009,1
32,1.15009,1
33,1.15009,1
34,1.15009,1
35,1.15009,1
36,1.15009,1
37,1.15009,1
38,1.15009,1
39,1.15009,1
40,1.15009,1
41,1.15009,1
42,1.15009,1
43,1.15009,1
44,1.15009,1
45,1.15009,1
46,1.15009,1
47,1.15009,1
48,1.15009,1
49,1.15009,1
50,1.15009,1
51,1.15009,1
52,1.15009,1
53,1.15009,1
54,1.15009,1
55,1.15009,1
56,1.15009,1
57,1.15009,1
58,1.15009,1
59,1.15009,1
60,1.15009,1
61,1.15009,1
62,1.15009,1
63,1.15009,1
64,1.15009,1
65,1.15009,1
66,1.15009,1
67,1.15009,1
68,1.15009,1
69,1.15009,1
70,1.15009,1
71,1.15009,1
72,1.15009,1
73,1.15009,1
74,1.15009,1
75,1.15009,1
76,1.15009,1
77,1.15009,1
78,1.25403,1
79,1.25403,1
80,1.25403,1
81,1.25403,1
82,1.25403,1
83,1.25403,1
84,1.25403,1
85,1.25403,1
86,1.25403,1
87,1.25403,1
88,1.25403,1
89,1.25403,1
90,1.25403,1
91,1.25403,1
92,1.25403,1
93,1.25403,1
94,1.25403,1
95,1.25403,1
96,1.25403,1
97,1.25403,1
98,1.25403,1
99,1.28041,1.05296
100,1.28041,1.05296
101,1.28041,1.05296
102,1.28041,1.05296
103,1.28041,1.05296
104,1.28041,1.05296
105,1.28041,1.05296
106,1.28041,1.05296
107,1.28041,1.05296
108,1.28041,1.05296
109,1.28041,1.05296
110,1.28041,1.05296
111,1.28041,1.05296
112,1.28041,1.05296
113,1.28041,1.05296
114,1.28041,1.05296
115,1.28041,1.05296
116,1.28041,1.05296
117,1.28041,1.05296
118,1.28041,1.05296
119,1.28041,1.05296
120,1.28041,1.05296
121,1.28041,1.05296
122,1.28041,1.05296
123,1.28041,1.05296
124,1.28041,1.05296
125,1.28041,1.05296
126,1.28041,1.05296
127,1.28041,1.05296
128,1.28041,1.05296
129,1.28041,1.05296
130,1.28041,1.05296
131,1.28041,1.05296
132,1.28041,1.05296
133,1.28041,1.05296
134,1.28041,1.05296
135,1.28041,1.05296
136,1.28041,1.05296
137,1.28041,1.05296
138,1.28041,1.05296
139,1.28041,1.05296
140,1.28041,1.05296
141,1.28041,1.05296
142,1.28041,1.05296
143,1.28041,1.05296
144,1.28041,1.05296
145,1.28041,1.05296
146,1.28041,1.05296
147,1.28041,1.05296
148,1.28041,1.05296
149,1.28041,1.05296
150,1.28041,1.05296
151,1.28041,1.05296
152,1.28041,1.05296
153,1.28041,1.05296
154,1.28041,1.05296
155,1.28041,1.05296
156,1.28041,1.05296
157,1.28041,1.05296
158,1.28041,1.05296
159,1.28041,1.05296
160,1.28041,1.05296
161,1.28041,1.05296
162,1.28041,1.05296
163,1.28041,1.05296
164,1.28041,1.05296
165,1.28041,1.05296
166,1.28041,1.05296
167,1.28041,1.05296
168,1.28041,1.05296
169,1.28041,1.05296
170,1.28041,1.05296
171,1.28041,1.05296
172,1.28041,1.05296
173,1.28041,1.05296
174,1.28041,1.05296
175,1.28041,1.05296
176,1.28041,1.05296
177,1.28041,1.05296
178,1.28041,1.05296
179,1.28041,1.05296
180,1.28041,1.05296
181,1.28041,1.05296
182,1.28041,1.05296
183,1.28041,1.05296
184,1.28041,1.05296
185,1.28041,1.05296
186,1.28041,1.05296
187,1.28041,1.05296
188,1.28041,1.05296
189,1.28041,1.05296
190,1.28041,1.05296
191,1.28041,1.05296
192,1.28041,1.05296
193,1.28041,1.05296
194,1.28041,1.05296
195,1.28041,1.05296
196,1.28041,1.05296
197,1.28041,1.05296
198,1.28041,1.05296
199,1.28041,1.15009
200,1.28041,1.15009
201,1.28041,1.15009
202,1.28041,1.15009
203,1.28713,1.03225
204,1.28713,1.03225
205,1.28713,1.03225
206,1.28713,1.03225
207,1.28713,1.03225
208,1.28713,1.03225
209,1.28713,1.03225
210,1.28713,1.03225
211,1.28713,1.03225
212,1.28713,1.03225
213,1.28713,1.03225
214,1.28713,1.03225
215,1.28713,1.03225
216,1.31426,1.00186
217,1.3321,1.00186
218,1.3321,1.00186
219,1.3321,1.00186
220,1.3321,1.00186
221,1.3321,1.00186
222,1.3321,1.00186
223,1.3321,1.00186
224,1.3321,1.00186
225,1.3321,1.00186
226,1.3321,1.00186
227,1.3321,1.00186
228,1.3321,1.00186
229,1.50262,1.00186
230,1.50262,1.00186
231,1.50863,1
232,1.50863,1
233,1.50863,1
234,1.50863,1
235,1.50863,1
236,1.5566,0.922406
237,1.5566,0.922406
238,1.61136,1
239,1.61136,1
240,1.62237,1
241,1.62237,1
242,1.62237,1
243,1.62237,1
244,1.62237,1
245,1.62237,1
246,1.62237,1
247,1.62237,1
248,1.62237,1
249,1.62237,1
250,1.62237,1
251,1.62237,1
252,1.62237,1
253,1.62237,1
254,1.62237,1
255,1.62237,1
256,1.62237,1
257,1.62237,1
258,1.62237,1
259,1.62237,1
260,1.62237,1
261,1.62237,1
262,1.62237,1
263,1.62237,1
264,1.62237,1
265,1.62237,1
266,1.62237,1
267,1.62237,1
268,1.66944,1
269,1.67814,1
270,1.67814,1
271,1.71455,1
272,1.71455,1
273,1.74881,1
274,1.74881,1
275,1.7605,1
276,1.7605,1
277,1.7605,1
278,1.7605,1
279,1.7605,1
280,3.09884,0.641805
281,3.09884,0.641805
282,3.09884,0.641805
283,3.09884,0.641805
284,3.13818,0.641805
285,3.13818,0.641805
286,3.13818,0.641805
287,3.16935,0.581198
288,3.16935,0.581198
289,3.20869,0.581198
290,3.20869,0.581198
291,3.20869,0.581198
292,3.21808,0.581198
293,3.21808,0.581198
294,3.21808,0.581198
295,3.21808,0.581198
296,3.21808,0.581198
297,3.21808,0.581198
298,3.21808,0.581198
299,3.21808,0.982113
300,3.21808,0.982113
301,3.21808,0.982113
302,3.21808,0.982113
303,3.21808,0.982113
304,3.21808,0.982113
305,3.21808,0.982113
306,3.21808,0.982113
307,3.21808,0.982113
308,3.21808,0.982113
309,3.21808,0.982113
310,3.21808,0.982113
311,3.21808,0.982113
312,3.21808,0.982113
313,3.21808,0.982113
314,3.21808,0.982113
315,3.21808,0.982113
316,3.21808,0.982113
317,3.21808,0.982113
318,3.58308,1.00735
319,3.58308,1.00735
320,3.58308,1.00735
321,3.58308,1.00735
322,3.67133,0.974833
323,3.67133,0.974833
324,3.69207,0.974833
325,3.69207,0.974833
326,3.69207,0.974833
327,4.08594,1.0126
328,4.08594,1.0126
329,4.08594,1.0126
330,4.08594,1.0126
331,4.19045,1.0126
332,4.19045,1.0126
333,4.19045,1.0126
334,4.19045,1.0126
335,4.24943,1.00995
336,4.24943,1.00995
337,4.24943,1.00995
338,4.24943,1.00995
339,4.28941,1.00042
340,4.28941,1.00042
341,4.28941,1.00042
342,4.28941,1.00042
343,4.28941,1.00042
344,4.29586,1.00375
345,4.31357,1.00313
346,4.31357,1.00313
347,4.31357,1.00313
348,4.31357,1.00313
349,4.31357,1.00313
350,4.41233,0.984718
351,4.41233,0.984718
352,4.41233,0.984718
353,4.41233,0.984718
354,4.41233,0.984718
355,4.41233,0.984718
356,4.41233,0.984718
357,4.41233,0.984718
358,4.41233,0.984718
359,4.41233,0.984718
360,4.41233,0.984718
361,4.41233,0.984718
362,5.09939,0.984718
363,5.09939,0.984718
364,5.09939,0.984718
365,5.09939,0.984718
366,5.09939,0.984718
367,5.09939,0.984718
368,5.09939,0.984718
369,5.09939,0.984718
370,5.09939,0.984718
371,5.09939,0.984718
372,5.09939,0.984718
373,5.09939,0.984718
374,5.10583,1.01998
375,5.10583,1.01998
376,5.10583,1.01998
377,5.10583,1.01998
378,5.10583,1.01998
379,5.10583,1.01998
380,5.10583,1.01998
381,5.10583,1.01998
382,5.10583,1.01998
383,5.10583,1.01998
384,5.32474,1.01998
385,5.32474,1.01998
386,5.32474,1.01998
387,5.32474,1.01998
388,5.32474,1.01998
389,5.32474,1.01998
390,5.32474,1.01998
391,5.32474,1.01998
392,5.32474,1.01998
393,5.32474,1.01998
394,5.32474,1.01998
395,5.32474,1.01998
396,5.32474,1.01998
397,5.32474,1.01998
398,5.32474,1.01998
399,5.32474,0.795222
400,5.33236,0.795222
401,5.33236,0.795222
402,5.33236,0.795222
403,5.33236,0.795222
404,5.33236,0.795222
405,5.33236,0.795222
406,5.33236,0.795222
407,5.33236,0.795222
408,5.33236,0.795222
409,5.33236,0.795222
410,5.33236,0.795222
411,5.33236,0.795222
412,5.33484,0.795222
413,5.33484,0.795222
414,5.33484,0.795222
415,5.33484,0.795222
416,5.33484,0.795222
417,5.33484,0.795222
418,5.33484,0.795222
419,5.33484,0.795222
420,5.33484,0.795222
421,5.33484,0.795222
422,5.33484,0.795222
423,5.33484,0.795222
424,5.33484,0.795222
425,5.33484,0.795222
426,5.33484,0.795222
427,5.33484,0.795222
428,5.50817,0.780519
429,5.50817,0.780519
430,5.50817,0.780519
431,5.50817,0.780519
432,5.50817,0.780519
433,5.50817,0.780519
434,5.50817,0.780519
435,5.53142,0.767779
436,5.53142,0.767779
437,5.53142,0.767779
438,6.22312,0.785163
439,6.31665,0.769993
440,6.37671,0.777584
441,6.37671,0.777584
442,6.61602,0.740563
443,6.63048,0.763135
444,6.64617,0.780519
445,6.73492,0.763135
446,6.73492,0.763135
447,6.73492,0.763135
448,6.73492,0.763135
449,6.73492,0.763135
450,6.7405,0.734168
451,6.74823,0.792394
452,6.74823,0.792394
453,6.75343,0.730746
454,6.75343,0.730746
455,6.75343,0.730746
456,6.75343,0.730746
457,6.75674,0.730746
458,6.75674,0.730746
459,6.75674,0.730746
460,6.75674,0.730746
461,6.75674,0.730746
462,6.75674,0.730746
463,6.75674,0.730746
464,6.75674,0.730746
465,6.75674,0.730746
466,6.75674,0.730746
467,6.75674,0.730746
468,6.75674,0.730746
469,6.75674,0.730746
470,6.75674,0.730746
471,6.75674,0.730746
472,6.75674,0.730746
473,6.75674,0.730746
474,6.75674,0.730746
475,6.75674,0.730746
476,6.75674,0.730746
477,6.75674,0.730746
478,6.75674,0.730746
479,6.75674,0.730746
480,6.75674,0.730746
481,6.75674,0.730746
482,6.75674,0.730746
483,6.75674,0.730746
484,6.75674,0.730746
485,6.75674,0.730746
486,6.75674,0.730746
487,6.75674,0.730746
488,6.75674,0.730746
489,6.75674,0.730746
490,6.75674,0.730746
491,6.75674,0.730746
492,6.75674,0.730746
493,6.75674,0.730746
494,6.75674,0.730746
495,6.75724,0.730746
496,6.75724,0.730746
497,6.75724,0.730746
498,6.75724,0.730746
499,6.75724,1
500,6.75724,1
501,6.75724,1
502,6.75724,1
503,6.75724,1
504,6.75724,1
505,6.75724,1
506,6.75724,1
507,6.75724,1
508,6.75724,1
509,6.75724,1
510,6.75724,1
511,6.75724,1
512,6.75724,1
513,6.75724,1
514,6.75724,1
515,6.75724,1
516,6.75724,1
517,6.75724,1
518,6.75724,1
519,6.75724,1
520,6.75724,1
521,6.75724,1
522,6.75724,1
523,6.75724,1
524,6.75724,1
525,6.75724,1
526,6.75724,1
527,6.75724,1
528,6.75724,1
529,6.75724,1
530,6.75724,1
531,6.75724,1
532,6.75724,1
533,6.75724,1
534,6.75724,1
535,6.75724,1
536,6.75724,1
537,6.75724,1
538,6.75724,1
539,6.75724,1
540,6.75724,1
541,6.75724,1
542,6.75724,1
543,6.75724,1
544,6.75724,1
545,6.75724,1
546,6.75724,1
547,6.75724,1
548,6.75724,1
549,6.75724,1
550,6.75724,1
551,6.75724,1
552,6.75724,1
553,6.75724,1
554,6.75724,1
555,6.75724,1
556,6.75724,1
557,6.75724,1
558,6.75724,1
559,6.75724,1
560,6.75724,1
561,6.75724,1
562,6.75724,1
563,6.75724,1
564,6.75724,1
565,6.75724,1
566,6.75724,1
567,6.75724,1
568,6.75724,1
569,6.75724,1
570,6.75724,1
571,6.75724,1
572,6.75724,1
573,6.75724,1
574,6.75724,1
575,6.75724,1
576,6.75724,1
577,6.75724,1
578,6.75724,1
579,6.75724,1
580,6.75724,1
581,6.75724,1
582,6.75724,1
583,6.75724,1
584,6.75724,1
585,6.75724,1
586,6.75724,1
587,6.75724,1
588,6.75724,1
589,6.75724,1
590,6.75724,1
591,6.75724,1
592,6.75724,1
593,6.75724,1
594,6.75724,1
595,6.75724,1
596,6.75724,1
597,6.75724,1
598,6.75724,1
599,6.75724,2.5433
600,6.75724,2.5433
601,6.75724,2.5433
602,6.75724,2.5433
603,6.75724,2.5433
604,6.75724,2.5433
605,6.75724,2.5433
606,6.75724,2.5433
607,6.75724,2.5433
608,6.75724,2.5433
609,6.75724,2.5433
610,6.75724,2.5433
611,6.75724,2.5433
612,6.75724,2.5433
613,6.75724,2.5433
614,6.75724,2.5433
615,6.75724,2.5433
616,6.75724,2.5433
617,6.75724,2.5433
618,6.75724,2.5433
619,6.75724,2.5433
620,6.75724,2.5433
621,6.75724,2.5433
622,6.75724,2.5433
623,6.75724,2.5433
624,6.75724,2.5433
625,6.75724,2.5433
626,6.75724,2.5433
627,6.75724,2.5433
628,6.75724,2.5433
629,6.75724,2.5433
630,6.75724,2.5433
631,6.75724,2.5433
632,6.75724,2.5433
633,6.75724,2.5433
634,6.75724,2.5433
635,6.75724,2.5433
636,6.75724,2.5433
637,6.75724,2.5433
638,6.75724,2.5433
639,6.75724,2.5433
640,6.75724,2.5433
641,6.75724,2.5433
642,6.75724,2.5433
643,6.75724,2.5433
644,6.75724,2.5433
645,6.75724,2.5433
646,6.75724,2.5433
647,6.75724,2.5433
648,6.75724,2.5433
649,6.75724,2.5433
650,6.75724,2.5433
651,6.75724,2.5433
652,6.75724,2.5433
653,6.75724,2.5433
654,6.75724,2.5433
655,6.75724,2.5433
656,6.75724,2.5433
657,6.75724,2.5433
658,6.75724,2.5433
659,6.75724,2.5433
660,6.75724,2.5433
661,6.75724,2.5433
662,6.75724,2.5433
663,6.75724,2.5433
664,6.75724,2.5433
665,6.75724,2.5433
666,6.75724,2.5433
667,6.75724,2.5433
668,6.75724,2.5433
669,6.75724,2.5433
670,6.75724,2.5433
671,6.75724,2.5433
672,6.75724,2.5433
673,6.75724,2.5433
674,6.75724,2.5433
675,6.75724,2.5433
676,6.75724,2.5433
677,6.75724,2.5433
678,6.75724,2.5433
679,6.75724,2.5433
680,6.75724,2.5433
681,6.75724,2.5433
682,6.75724,2.5433
683,6.75724,2.5433
684,6.75724,2.5433
685,6.75724,2.5433
686,6.75724,2.5433
687,6.75724,2.5433
688,6.75724,2.5433
689,6.75724,2.5433
690,6.75724,2.5433
691,6.75724,2.5433
692,6.75724,2.5433
693,6.75724,2.5433
694,6.75724,2.5433
695,6.75724,2.5433
696,6.75724,2.5433
697,6.75724,2.5433
698,6.75724,2.5433
699,6.75724,0.595132
700,6.75724,0.595132
701,6.75724,0.595132
702,6.83904,0.595132
703,6.83904,0.595132
704,6.83904,0.595132
705,6.8482,0.595132
706,6.8482,0.595132
707,6.85077,0.595132
708,6.88992,0.595132
709,6.88992,0.595132
710,6.88992,0.595132
711,6.88992,0.595132
712,6.88992,0.595132
713,6.91576,0.595132
714,6.91576,0.595132
715,6.91576,0.595132
716,6.91576,0.595132
717,6.91576,0.595132
718,6.91576,0.595132
719,6.92335,0.532206
720,6.92335,0.532206
721,6.92335,0.532206
722,6.92335,0.532206
723,6.92335,0.532206
724,6.92406,0.529393
725,6.92658,0.529393
726,6.92658,0.529393
727,6.92658,0.529393
728,6.92658,0.529393
729,6.93654,0.529393
730,6.93654,0.529393
731,6.93654,0.529393
732,6.93654,0.529393
733,6.93654,0.529393
734,6.93654,0.529393
735,6.93654,0.529393
736,6.93654,0.529393
737,6.93706,0.529393
738,6.93926,0.529393
739,7.52992,0.524437
740,7.52992,0.524437
741,7.52992,0.524437
742,7.52992,0.524437
743,7.52992,0.524437
744,7.53173,0.584525
745,7.53173,0.584525
746,7.53173,0.584525
747,7.53173,0.584525
748,7.53173,0.584525
749,7.53173,0.584525
750,7.53173,0.584525
751,7.53173,0.584525
752,7.53173,0.584525
753,7.53173,0.584525
754,7.53173,0.584525
755,7.53173,0.584525
756,7.53173,0.584525
757,7.53173,0.584525
758,7.53173,0.584525
759,7.53173,0.584525
760,7.53173,0.584525
761,7.53173,0.584525
762,7.53173,0.584525
763,7.53173,0.584525
764,7.53173,0.584525
765,7.53173,0.584525
766,7.53173,0.584525
767,7.53173,0.584525
768,7.53173,0.584525
769,7.53173,0.584525
770,7.53173,0.584525
771,7.53173,0.584525
772,7.53173,0.584525
773,7.53173,0.584525
774,7.53173,0.584525
775,7.53173,0.584525
776,7.53173,0.584525
777,7.53173,0.584525
778,7.53173,0.584525
779,7.53173,0.584525
780,7.53173,0.584525
781,7.53173,0.584525
782,7.53173,0.584525
783,7.53173,0.584525
784,7.53173,0.584525
785,7.53173,0.584525
786,7.53173,0.584525
787,7.53173,0.584525
788,7.53173,0.584525
789,7.53173,0.584525
790,7.53173,0.584525
791,7.53173,0.584525
792,7.53173,0.584525
793,7.53173,0.584525
794,7.53173,0.584525
795,7.54872,0.584525
796,7.54872,0.584525
797,7.54872,0.584525
798,7.54872,0.584525
799,7.54872,1.02298
800,7.54872,1.02298
801,7.54872,1.02298
802,7.54872,1.02298
803,7.54872,1.02298
804,7.54872,1.02298
805,7.54872,1.02298
806,7.54872,1.02298
807,7.54872,1.02298
808,7.54872,1.02298
809,7.54872,1.02298
810,7.54872,1.02298
811,7.54872,1.02298
812,7.54872,1.02298
813,7.54872,1.02298
814,7.54872,1.02298
815,7.54872,1.02298
816,7.54872,1.02298
817,7.54872,1.02298
818,7.54872,1.02298
819,7.54872,1.02298
820,7.54872,1.02298
821,7.54872,1.02298
822,7.54872,1.02298
823,7.54872,1.02298
824,7.54872,1.02298
825,7.54872,1.02298
826,7.54872,1.02298
827,7.54872,1.02298
828,7.54872,1.02298
829,7.54872,1.02298
830,7.54872,1.02298
831,7.54872,1.02298
832,7.54872,1.02298
833,7.54872,1.02298
834,7.54872,1.02298
835,7.54872,1.02298
836,7.54872,1.02298
837,7.54872,1.02298
838,7.54872,1.02298
839,7.54872,1.02298
840,7.54872,1.02298
841,7.54872,1.02298
842,7.54872,1.02298
843,7.54872,1.02298
844,7.54872,1.02298
845,7.54872,1.02298
846,7.54872,1.02298
847,7.54872,1.02298
848,7.54872,1.02298
849,7.54872,1.02298
850,7.54872,1.02298
851,7.54872,1.02298
852,7.54872,1.02298
853,7.54872,1.02298
854,7.54872,1.02298
855,7.54872,1.02298
856,7.54872,1.02298
857,7.54872,1.02298
858,7.54872,1.02298
859,7.54872,1.02298
860,7.54872,1.02298
861,7.54872,1.02298
862,7.54872,1.02298
863,7.54872,1.02298
864,7.54872,1.02298
865,7.54872,1.02298
866,7.54872,1.02298
867,7.54872,1.02298
868,7.54872,1.02298
869,7.54872,1.02298
870,7.54872,1.02298
871,7.54872,1.02298
872,7.54872,1.02298
873,7.54872,1.02298
874,7.54872,1.02298
875,7.54872,1.02298
876,7.54872,1.02298
877,7.54872,1.02298
878,7.54872,1.02298
879,7.54872,1.02298
880,7.54872,1.02298
881,7.54872,1.02298
882,7.54872,1.02298
883,7.54872,1.02298
884,7.54872,1.02298
885,7.54872,1.02298
886,7.54872,1.02298
887,7.54872,1.02298
888,7.54872,1.02298
889,7.54872,1.02298
890,7.55113,0.985693
891,7.55113,0.985693
892,7.55113,0.985693
893,7.55113,0.985693
894,7.55113,0.985693
895,7.55113,0.985693
896,7.55113,0.985693
897,7.55169,0.986599
898,7.55169,0.986599
899,7.55169,0.713519
900,7.5753,0.713519
901,7.5753,0.713519
902,7.5753,0.713519
903,7.5753,0.713519
904,7.5753,0.713519
905,7.5753,0.713519
906,7.57911,0.728699
907,7.57911,0.728699
908,7.57911,0.728699
909,7.57911,0.728699
910,7.57911,0.728699
911,7.57911,0.728699
912,7.57911,0.728699
913,7.57911,0.728699
914,7.57911,0.728699
915,7.58076,0.728699
916,7.58076,0.728699
917,7.58076,0.728699
918,7.58076,0.728699
919,7.58076,0.728699
920,7.58076,0.728699
921,7.58076,0.728699
922,7.58076,0.728699
923,7.58076,0.728699
924,7.58076,0.728699
925,7.58076,0.728699
926,7.58076,0.728699
927,7.58076,0.728699
928,7.58076,0.728699
929,7.58076,0.728699
930,7.58076,0.728699
931,7.58076,0.728699
932,7.58076,0.728699
933,7.58076,0.728699
934,7.58076,0.728699
935,7.58076,0.728699
936,7.58076,0.728699
937,7.58076,0.728699
938,7.58076,0.728699
939,7.58076,0.728699
940,7.58076,0.728699
941,7.58076,0.728699
942,7.58076,0.728699
943,7.58076,0.728699
944,7.58076,0.728699
945,7.58076,0.728699
946,7.58076,0.728699
947,7.58076,0.728699
948,7.58076,0.728699
949,7.58076,0.728699
950,7.58076,0.728699
951,7.58076,0.728699
952,7.58076,0.728699
953,7.58076,0.728699
954,7.58076,0.728699
955,7.58076,0.728699
956,7.58076,0.728699
957,7.58076,0.728699
958,7.58076,0.728699
959,7.58076,0.728699
960,7.58076,0.728699
961,7.58076,0.728699
962,7.58076,0.728699
963,7.58076,0.728699
964,7.58076,0.728699
965,7.58076,0.728699
966,7.58076,0.728699
967,7.58076,0.728699
968,7.58076,0.728699
969,7.58076,0.728699
970,7.58076,0.728699
971,7.58076,0.728699
972,7.58076,0.728699
973,7.58076,0.728699
974,7.58076,0.728699
975,7.58076,0.728699
976,7.58076,0.728699
977,7.58076,0.728699
978,7.58076,0.728699
979,7.58076,0.728699
980,7.58076,0.728699
981,7.58076,0.728699
982,7.58076,0.728699
983,7.58076,0.728699
984,7.58076,0.728699
985,7.58076,0.728699
986,7.58076,0.728699
987,7.58076,0.728699
988,7.58076,0.728699
989,7.58076,0.728699
990,7.58076,0.728699
991,7.58076,0.728699
992,7.58076,0.728699
993,7.58076,0.728699
994,7.58076,0.728699
995,7.58076,0.728699
996,7.58076,0.728699
997,7.58076,0.728699
998,7.58076,0.728699
999,7.58076,1
1000,7.58076,1
1001,7.58076,1
1002,7.58076,1
1003,7.58076,1
1004,7.58076,1
1005,7.58076,1
1006,7.58076,1
1007,7.58076,1
1008,7.58076,1
1009,7.58076,1
1010,7.58076,1
1011,7.58076,1
1012,7.58076,1
1013,7.58076,1
1014,7.58076,1
1015,7.58076,1
1016,7.58076,1
1017,7.58076,1
1018,7.58076,1
1019,7.58076,1
1020,7.58076,1
1021,7.58076,1
1022,7.58076,1
1023,7.58076,1
1024,7.58076,1
1025,7.58076,1
1026,7.58076,1
1027,7.58076,1
1028,7.58076,1
1029,7.58076,1
1030,7.58076,1
1031,7.58076,1
1032,7.58076,1
1033,7.58076,1
1034,7.58076,1
1035,7.58076,1
1036,7.58076,1
1037,7.58076,1
1038,7.58076,1
1039,7.58076,1
1040,7.58076,1
1041,7.58076,1
1042,7.58076,1
1043,7.58076,1
1044,7.58076,1
1045,7.58076,1
1046,7.58076,1
1047,7.58076,1
1048,7.58076,1
1049,7.58076,1
1050,7.58076,1
1051,7.58076,1
1052,7.58076,1
1053,7.58076,1
1054,7.58076,1
1055,7.58076,1
1056,7.58076,1
1057,7.58076,1
1058,7.58076,1
1059,7.58076,1
1060,7.58076,1
1061,7.58076,1
1062,7.58076,1
1063,7.58076,1
1064,7.58076,1
1065,7.58076,1
1066,7.58076,1
1067,7.58076,1
1068,7.58076,1
1069,7.58076,1
1070,7.58076,1
1071,7.58076,1
1072,7.58076,1
1073,7.58076,1
1074,7.58076,1
1075,7.58076,1
1076,7.58076,1
1077,7.58076,1
1078,7.58076,1
1079,7.58076,1
1080,7.58076,1
1081,7.58076,1
1082,7.58076,1
1083,7.58076,1
1084,7.58076,1
1085,7.58076,1
1086,7.58076,1
1087,7.58076,1
1088,7.58076,1
1089,7.58076,1
1090,7.58076,1
1091,7.58076,1
1092,7.58076,1
1093,7.58076,1
1094,7.58076,1
1095,7.58076,1
1096,7.58076,1
1097,7.58076,1
1098,7.58076,1
1099,7.58076,2.66928
1100,7.58076,2.66928
1101,7.58076,2.66928
1102,7.58076,2.66928
1103,7.58076,2.66928
1104,7.58076,2.66928
1105,7.58076,2.66928
1106,7.58076,2.66928
1107,7.58076,2.66928
1108,7.58076,2.66928
1109,7.58076,2.66928
1110,7.58076,2.66928
1111,7.58076,2.66928
1112,7.58076,2.66928
1113,7.58076,2.66928
1114,7.58076,2.66928
1115,7.58076,2.66928
1116,7.58076,2.66928
1117,7.58076,2.66928
1118,7.58076,2.66928
1119,7.58076,2.66928
1120,7.58076,2.66928
1121,7.58076,2.66928
1122,7.58076,2.66928
1123,7.58076,2.66928
1124,7.58076,2.66928
1125,7.58076,2.66928
1126,7.58076,2.66928
1127,7.58076,2.66928
1128,7.58076,2.66928
1129,7.58076,2.66928
1130,7.58076,2.66928
1131,7.58076,2.66928
1132,7.58076,2.66928
1133,7.58076,2.66928
1134,7.58076,2.66928
1135,7.58076,2.66928
1136,7.58076,2.66928
1137,7.58076,2.66928
1138,7.58076,2.66928
1139,7.58076,2.66928
1140,7.58076,2.66928
1141,7.58076,2.66928
1142,7.58076,2.66928
1143,7.58076,2.66928
1144,7.58076,2.66928
1145,7.58076,2.66928
1146,7.58076,2.66928
1147,7.58076,2.66928
1148,7.58076,2.66928
1149,7.58076,2.66928
1150,7.58076,2.66928
1151,7.58076,2.66928
1152,7.58076,2.66928
1153,7.58076,2.66928
1154,7.58076,2.66928
1155,7.58076,2.66928
1156,7.58076,2.66928
1157,7.58076,2.66928
1158,7.58076,2.66928
1159,7.58076,2.66928
1160,7.58076,2.66928
1161,7.58076,2.66928
1162,7.58076,2.66928
1163,7.58076,2.66928
1164,7.58076,2.66928
1165,7.58076,2.66928
1166,7.58076,2.66928
1167,7.58076,2.66928
1168,7.58076,2.66928
1169,7.58076,2.66928
1170,7.58076,2.66928
1171,7.58076,2.66928
1172,7.58076,2.66928
1173,7.58076,2.66928
1174,7.58076,2.66928
1175,7.58076,2.66928
1176,7.58076,2.66928
1177,7.58076,2.66928
1178,7.58076,2.66928
1179,7.58076,2.66928
1180,7.58076,2.66928
1181,7.58076,2.66928
1182,7.58076,2.66928
1183,7.58076,2.66928
1184,7.58076,2.66928
1185,7.58076,2.66928
1186,7.58076,2.66928
1187,7.58076,2.66928
1188,7.58076,2.66928
1189,7.58076,2.66928
1190,7.58076,2.66928
1191,7.58076,2.66928
1192,7.58076,2.66928
1193,7.58076,2.66928
1194,7.58076,2.66928
1195,7.58076,2.66928
1196,7.58076,2.66928
1197,7.58076,2.66928
1198,7.58076,2.66928
1199,7.58076,0.584525
1200,7.63285,0.584525
1201,7.73988,0.60004
1202,7.76961,0.583871
1203,7.82696,0.613816
1204,7.82696,0.613816
1205,7.82696,0.613816
1206,7.82696,0.613816
1207,7.82696,0.613816
1208,7.82815,0.613816
1209,7.82815,0.613816
1210,7.82815,0.613816
1211,7.83431,0.604202
1212,7.83431,0.604202
1213,7.83474,0.604202
1214,7.83474,0.604202
1215,7.83474,0.604202
1216,7.83474,0.604202
1217,7.83474,0.604202
1218,7.83474,0.604202
1219,7.8351,0.617704
1220,7.84158,0.613816
1221,7.84158,0.613816
1222,7.84158,0.613816
1223,7.84158,0.613816
1224,7.84158,0.613816
1225,7.84158,0.613816
1226,7.84158,0.613816
1227,7.84158,0.613816
1228,7.84158,0.613816
1229,7.8472,0.613074
1230,7.8472,0.613074
1231,7.8472,0.613074
1232,7.8472,0.613074
1233,7.8472,0.613074
1234,7.8472,0.613074
1235,7.8472,0.613074
1236,7.8472,0.613074
1237,7.8472,0.613074
1238,7.85133,0.613074
1239,7.85133,0.613074
1240,7.85133,0.613074
1241,7.85133,0.613074
1242,7.85133,0.613074
1243,7.85133,0.613074
1244,7.85133,0.613074
1245,7.85133,0.613074
1246,7.85133,0.613074
1247,7.85133,0.613074
1248,7.85133,0.613074
1249,7.85133,0.613074
1250,7.85133,0.613074
1251,7.85133,0.613074
1252,7.85133,0.613074
1253,7.85133,0.613074
1254,7.85133,0.613074
1255,7.85133,0.613074
1256,7.85133,0.613074
1257,7.85133,0.613074
1258,7.85133,0.613074
1259,7.85133,0.613074
1260,7.85133,0.613074
1261,7.85133,0.613074
1262,7.85133,0.613074
1263,7.85133,0.613074
1264,7.85133,0.613074
1265,7.85133,0.613074
1266,7.85133,0.613074
1267,7.85133,0.613074
1268,7.85133,0.613074
1269,7.85133,0.613074
1270,7.85133,0.613074
1271,7.85133,0.613074
1272,7.85133,0.613074
1273,7.85133,0.613074
1274,7.85133,0.613074
1275,7.85133,0.613074
1276,7.85133,0.613074
1277,7.85133,0.613074
1278,7.85133,0.613074
1279,7.85133,0.613074
1280,7.85133,0.613074
1281,7.85133,0.613074
1282,7.85133,0.613074
1283,7.85133,0.613074
1284,7.85133,0.613074
1285,7.85133,0.613074
1286,7.85133,0.613074
1287,7.85133,0.613074
1288,7.85133,0.613074
1289,7.85133,0.613074
1290,7.85133,0.613074
1291,7.85133,0.613074
1292,7.85133,0.613074
1293,7.85133,0.613074
1294,7.85133,0.613074
1295,7.85133,0.613074
1296,7.85133,0.613074
1297,7.85133,0.613074
1298,7.85133,0.613074
1299,7.85133,0.747581
1300,7.85133,0.747581
1301,7.85133,0.747581
1302,7.85133,0.747581
1303,7.85133,0.747581
1304,7.85133,0.747581
1305,7.85133,0.747581
1306,7.85133,0.747581
1307,7.85133,0.747581
1308,7.85133,0.747581
1309,7.85133,0.747581
1310,7.85133,0.747581
1311,7.85133,0.747581
1312,7.85133,0.747581
1313,7.85133,0.747581
1314,7.85133,0.747581
1315,7.85133,0.747581
1316,7.85133,0.747581
1317,7.85133,0.747581
1318,7.85133,0.747581
1319,7.85133,0.747581
1320,7.85133,0.747581
1321,7.85133,0.747581
1322,7.85133,0.747581
1323,7.85133,0.747581
1324,7.85133,0.747581
1325,7.85133,0.747581
1326,7.85133,0.747581
1327,7.85133,0.747581
1328,7.85133,0.747581
1329,7.85133,0.747581
1330,7.85133,0.747581
1331,7.85133,0.747581
1332,7.85133,0.747581
1333,7.85133,0.747581
1334,7.85133,0.747581
1335,7.85133,0.747581
1336,7.85133,0.747581
1337,7.85133,0.747581
1338,7.85133,0.747581
1339,7.85133,0.747581
1340,7.85133,0.747581
1341,7.85133,0.747581
1342,7.85133,0.747581
1343,7.85133,0.747581
1344,7.85133,0.747581
1345,7.85133,0.747581
1346,7.85133,0.747581
1347,7.85133,0.747581
1348,7.85133,0.747581
1349,7.85133,0.747581
1350,7.85133,0.747581
1351,7.85133,0.747581
1352,7.85133,0.747581
1353,7.85133,0.747581
1354,7.85133,0.747581
1355,7.85133,0.747581
1356,7.85133,0.747581
1357,7.85133,0.747581
1358,7.85133,0.747581
1359,7.85133,0.747581
1360,7.85133,0.747581
1361,7.85133,0.747581
1362,7.85133,0.747581
1363,7.85133,0.747581
1364,7.85133,0.747581
1365,7.85133,0.747581
1366,7.85133,0.747581
1367,7.85133,0.747581
1368,7.85133,0.747581
1369,7.85133,0.747581
1370,7.85133,0.747581
1371,7.85133,0.747581
1372,7.85133,0.747581
1373,7.85133,0.747581
1374,7.85133,0.747581
1375,7.85133,0.747581
1376,7.85133,0.747581
1377,7.85133,0.747581
1378,7.85133,0.747581
1379,7.85133,0.747581
1380,7.85133,0.747581
1381,7.85133,0.747581
1382,7.85133,0.747581
1383,7.85133,0.747581
1384,7.85133,0.747581
1385,7.85133,0.747581
1386,7.85133,0.747581
1387,7.85133,0.747581
1388,7.85133,0.747581
1389,7.85133,0.747581
1390,7.85133,0.747581
1391,7.85133,0.747581
1392,7.85133,0.747581
1393,7.85133,0.747581
1394,7.85133,0.747581
1395,7.85133,0.747581
1396,7.85133,0.747581
1397,7.85133,0.747581
1398,7.85133,0.747581
1399,7.85133,0.745026
1400,7.85133,0.745026
1401,7.85133,0.745026
1402,7.85133,0.745026
1403,7.85133,0.745026
1404,7.85133,0.745026
1405,7.85133,0.745026
1406,7.85133,0.745026
1407,7.85133,0.745026
1408,7.85133,0.745026
1409,7.85133,0.745026
1410,7.85133,0.745026
1411,7.85133,0.745026
1412,7.85133,0.745026
1413,7.85133,0.745026
1414,7.85133,0.745026
1415,7.85133,0.745026
1416,7.85133,0.745026
1417,7.85133,0.745026
1418,7.85133,0.745026
1419,7.85133,0.745026
1420,7.85133,0.745026
1421,7.85133,0.745026
1422,7.85133,0.745026
1423,7.85133,0.745026
1424,7.85133,0.745026
1425,7.85133,0.745026
1426,7.85133,0.745026
1427,7.85133,0.745026
1428,7.85133,0.745026
1429,7.85133,0.745026
1430,7.85133,0.745026
1431,7.85133,0.745026
1432,7.85133,0.745026
1433,7.85133,0.745026
1434,7.85133,0.745026
1435,7.85133,0.745026
1436,7.85133,0.745026
1437,7.85133,0.745026
1438,7.85133,0.745026
1439,7.85133,0.745026
1440,7.85133,0.745026
1441,7.85133,0.745026
1442,7.85133,0.745026
1443,7.85133,0.745026
1444,7.85133,0.745026
1445,7.85133,0.745026
1446,7.85133,0.745026
1447,7.85133,0.745026
1448,7.85133,0.745026
1449,7.85133,0.745026
1450,7.85133,0.745026
1451,7.85133,0.745026
1452,7.85133,0.745026
1453,7.85133,0.745026
1454,7.85133,0.745026
1455,7.85133,0.745026
1456,7.85133,0.745026
1457,7.85133,0.745026
1458,7.85133,0.745026
1459,7.85133,0.745026
1460,7.85133,0.745026
1461,7.85133,0.745026
1462,7.85133,0.745026
1463,7.85133,0.745026
1464,7.85133,0.745026
1465,7.85133,0.745026
1466,7.85133,0.745026
1467,7.85133,0.745026
1468,7.85133,0.745026
1469,7.85133,0.745026
1470,7.85133,0.745026
1471,7.85133,0.745026
1472,7.85133,0.745026
1473,7.85133,0.745026
1474,7.85133,0.745026
1475,7.85133,0.745026
1476,7.85133,0.745026
1477,7.85133,0.745026
1478,7.85133,0.745026
1479,7.85133,0.745026
1480,7.85133,0.745026
1481,7.85133,0.745026
1482,7.85133,0.745026
1483,7.85133,0.745026
1484,7.85133,0.745026
1485,7.85133,0.745026
1486,7.85133,0.745026
1487,7.85133,0.745026
1488,7.85133,0.745026
1489,7.85133,0.745026
1490,7.85133,0.745026
1491,7.85133,0.745026
1492,7.85133,0.745026
1493,7.85133,0.745026
1494,7.85133,0.745026
1495,7.85133,0.745026
1496,7.85133,0.745026
1497,7.85133,0.745026
1498,7.85133,0.745026
1499,7.85133,1
1500,7.85133,1
1501,7.85133,1
1502,7.85133,1
1503,7.85133,1
1504,7.85133,1
1505,7.85133,1
1506,7.85133,1
1507,7.85133,1
1508,7.85133,1
1509,7.85133,1
1510,7.85133,1
1511,7.85133,1
1512,7.85133,1
1513,7.85133,1
1514,7.85133,1
1515,7.85133,1
1516,7.85133,1
1517,7.85133,1
1518,7.85133,1
1519,7.85133,1
1520,7.85133,1
1521,7.85133,1
1522,7.85133,1
1523,7.85133,1
1524,7.85133,1
1525,7.85133,1
1526,7.85133,1
1527,7.85133,1
1528,7.85133,1
1529,7.85133,1
1530,7.85133,1
1531,7.85133,1
1532,7.85133,1
1533,7.85133,1
1534,7.85133,1
1535,7.85133,1
1536,7.85133,1
1537,7.85133,1
1538,7.85133,1
1539,7.85133,1
1540,7.85133,1
1541,7.85133,1
1542,7.85133,1
1543,7.85133,1
1544,7.85133,1
1545,7.85133,1
1546,7.85133,1
1547,7.85133,1
1548,7.85133,1
1549,7.85133,1
1550,7.85133,1
1551,7.85133,1
1552,7.85133,1
1553,7.85133,1
1554,7.85133,1
1555,7.85133,1
1556,7.85133,1
1557,7.85133,1
1558,7.85133,1
1559,7.85133,1
1560,7.85133,1
1561,7.85133,1
1562,7.85133,1
1563,7.85133,1
1564,7.85133,1
1565,7.85133,1
1566,7.85133,1
1567,7.85133,1
1568,7.85133,1
1569,7.85133,1
1570,7.85133,1
1571,7.85133,1
1572,7.85133,1
1573,7.85133,1
1574,7.85133,1
1575,7.85133,1
1576,7.85133,1
1577,7.85133,1
1578,7.85133,1
1579,7.85133,1
1580,7.85133,1
1581,7.85133,1
1582,7.85133,1
1583,7.85133,1
1584,7.85133,1
1585,7.85133,1
1586,7.85133,1
1587,7.85133,1
1588,7.85133,1
1589,7.85133,1
1590,7.85133,1
1591,7.85133,1
1592,7.85133,1
1593,7.85133,1
1594,7.85133,1
1595,7.85133,1
1596,7.85133,1
1597,7.85133,1
1598,7.85133,1
1599,7.85133,2.7972
1600,7.85133,2.7972
1601,8.17232,2.5754
1602,8.17232,2.5754
1603,8.17232,2.5754
1604,8.17232,2.5754
1605,8.17232,2.5754
1606,8.1857,2.5754
1607,8.68137,2.58384
1608,8.88417,2.58384
1609,8.88417,2.58384
1610,8.88417,2.58384
1611,8.88417,2.58384
1612,8.88417,2.58384
1613,8.90213,2.5741
1614,8.98295,2.58384
1615,8.98295,2.58384
1616,8.98295,2.58384
1617,8.98295,2.58384
1618,8.99626,2.58384
1619,8.99626,2.58384
1620,9.05886,2.58384
1621,9.05886,2.58384
1622,9.05886,2.58384
1623,9.05886,2.58384
1624,9.05886,2.58384
1625,9.07586,2.58384
1626,9.07586,2.58384
1627,9.07586,2.58384
1628,9.07586,2.58384
1629,9.07586,2.58384
1630,9.07586,2.58384
1631,9.07586,2.58384
1632,9.07586,2.58384
1633,9.07765,2.58384
1634,9.07765,2.58384
1635,9.07765,2.58384
1636,9.07765,2.58384
1637,9.07765,2.58384
1638,9.07765,2.58384
1639,9.07765,2.58384
1640,9.07765,2.58384
1641,9.07765,2.58384
1642,9.07765,2.58384
1643,9.07765,2.58384
1644,9.07765,2.58384
1645,9.08416,2.57583
1646,9.08416,2.57583
1647,9.08416,2.57583
1648,9.08416,2.57583
1649,9.08416,2.57583
1650,9.08416,2.57583
1651,9.08416,2.57583
1652,9.08416,2.57583
1653,9.08416,2.57583
1654,9.08416,2.57583
1655,9.08416,2.57583
1656,9.08416,2.57583
1657,9.08416,2.57583
1658,9.08416,2.57583
1659,9.08416,2.57583
1660,9.08416,2.57583
1661,9.08416,2.57583
1662,9.08416,2.57583
1663,9.08416,2.57583
1664,9.08416,2.57583
1665,9.08416,2.57583
1666,9.08416,2.57583
1667,9.08416,2.57583
1668,9.08416,2.57583
1669,9.08416,2.57583
1670,9.08416,2.57583
1671,9.08416,2.57583
1672,9.08416,2.57583
1673,9.08416,2.57583
1674,9.08937,2.56344
1675,9.08937,2.56344
1676,9.08937,2.56344
1677,9.08937,2.56344
1678,9.09503,2.56344
1679,9.09503,2.56344
1680,9.09503,2.56344
1681,9.09503,2.56344
1682,9.09503,2.56344
1683,9.09503,2.56344
1684,9.09503,2.56344
1685,9.09503,2.56344
1686,9.09503,2.56344
1687,9.09503,2.56344
1688,9.09559,2.56344
1689,9.09559,2.56344
1690,9.09559,2.56344
1691,9.09559,2.56344
1692,9.19733,2.57583
1693,9.20814,2.56344
1694,9.20814,2.56344
1695,9.20814,2.56344
1696,9.20814,2.56344
1697,9.20814,2.56344
1698,9.20814,2.56344
1699,9.20814,0.601448
1700,10.1349,0.600583
1701,10.1349,0.600583
1702,10.1349,0.600583
1703,10.1349,0.600583
1704,10.1349,0.600583
1705,10.1349,0.600583
1706,10.1349,0.600583
1707,10.1349,0.600583
1708,10.1755,0.603579
1709,10.1755,0.603579
1710,10.1755,0.603579
1711,10.1755,0.603579
1712,10.1755,0.603579
1713,10.1755,0.603579
1714,10.1755,0.603579
1715,10.1755,0.603579
1716,10.1755,0.603579
1717,10.1755,0.603579
1718,10.1755,0.603579
1719,10.1785,0.583341
1720,10.1785,0.583341
1721,10.185,0.583341
1722,10.185,0.583341
1723,10.185,0.583341
1724,10.1976,0.599922
1725,10.1976,0.599922
1726,10.1976,0.599922
1727,10.1976,0.599922
1728,10.1976,0.599922
1729,10.1978,0.582599
1730,10.2006,0.583341
1731,10.2006,0.583341
1732,10.2006,0.583341
1733,10.2006,0.583341
1734,10.2006,0.583341
1735,10.2006,0.583341
1736,10.2006,0.583341
1737,10.2006,0.583341
1738,10.2006,0.583341
1739,10.2006,0.583341
1740,10.2006,0.583341
1741,10.2006,0.583341
1742,10.2006,0.583341
1743,10.2006,0.583341
1744,10.2006,0.583341
1745,10.2006,0.583341
1746,10.2006,0.583341
1747,10.2007,0.608871
1748,10.2007,0.608871
1749,10.2007,0.608871
1750,10.2007,0.608871
1751,10.2007,0.608871
1752,10.2007,0.608871
1753,10.2007,0.608871
1754,10.202,0.605112
1755,10.202,0.605112
1756,10.202,0.605112
1757,10.202,0.605112
1758,10.202,0.605112
1759,10.202,0.605112
1760,10.202,0.605112
1761,10.202,0.605112
1762,10.202,0.605112
1763,10.202,0.605112
1764,10.202,0.605112
1765,10.202,0.605112
1766,10.202,0.605112
1767,10.202,0.605112
1768,10.202,0.605112
1769,10.202,0.605112
1770,10.202,0.605112
1771,10.202,0.605112
1772,10.202,0.605112
1773,10.202,0.605112
1774,10.202,0.605112
1775,10.202,0.605112
1776,10.202,0.605112
1777,10.202,0.605112
1778,10.202,0.605112
1779,10.202,0.605112
1780,10.202,0.605112
1781,10.202,0.605112
1782,10.202,0.530511
1783,10.202,0.530511
1784,10.202,0.530511
1785,10.2025,0.605112
1786,10.2025,0.605112
1787,10.2025,0.605112
1788,10.2025,0.605112
1789,10.2029,0.530511
1790,10.2029,0.530511
1791,10.2029,0.530511
1792,10.2029,0.530511
1793,10.2029,0.530511
1794,10.2029,0.530511
1795,10.2033,0.608871
1796,10.2033,0.608871
1797,10.2033,0.608871
1798,10.2173,0.529319
1799,10.2173,0.931109
1800,10.2173,0.931109
1801,10.2173,0.931109
1802,10.2173,0.931109
1803,10.2173,0.931109
1804,10.2173,0.931109
1805,10.2173,0.931109
1806,10.2173,0.931109
1807,10.2173,0.931109
1808,10.2173,0.931109
1809,10.2251,0.924187
1810,10.2251,0.924187
1811,10.2251,0.924187
1812,10.2251,0.924187
1813,10.2251,0.924187
1814,10.2251,0.924187
1815,10.226,0.917511
1816,10.226,0.917511
1817,10.226,0.917511
1818,10.226,0.917511
1819,10.226,0.917511
1820,10.226,0.917511
1821,10.226,0.917511
1822,10.226,0.917511
1823,10.226,0.917511
1824,10.226,0.917511
1825,10.226,0.917511
1826,10.226,0.917511
1827,10.226,0.917511
1828,10.226,0.917511
1829,10.226,0.917511
1830,10.226,0.917511
1831,10.226,0.917511
1832,10.226,0.917511
1833,10.226,0.917511
1834,10.2333,0.917511
1835,10.2333,0.917511
1836,10.2333,0.917511
1837,10.2333,0.917511
1838,10.2333,0.917511
1839,10.2333,0.917511
1840,10.2333,0.917511
1841,10.2342,0.917511
1842,10.2342,0.917511
1843,10.2342,0.917511
1844,10.2342,0.917511
1845,10.2342,0.917511
1846,10.2342,0.917511
1847,10.235,0.917435
1848,10.235,0.917435
1849,10.235,0.917435
1850,10.235,0.917435
1851,10.235,0.917435
1852,10.235,0.917435
1853,10.235,0.917435
1854,10.235,0.917435
1855,10.235,0.917435
1856,10.235,0.917435
1857,10.235,0.917435
1858,10.235,0.917435
1859,10.235,0.917435
1860,10.235,0.917435
1861,10.235,0.917435
1862,10.2358,0.917435
1863,10.2382,0.917435
1864,10.2382,0.917435
1865,10.2382,0.917435
1866,10.2382,0.917435
1867,10.2382,0.917435
1868,10.2382,0.917435
1869,10.2382,0.917435
1870,10.2382,0.917435
1871,10.2382,0.917435
1872,10.2382,0.917435
1873,10.2382,0.917435
1874,10.2382,0.917435
1875,10.2382,0.917435
1876,10.2382,0.917435
1877,10.2382,0.917435
1878,10.2382,0.917435
1879,10.2382,0.917435
1880,10.2382,0.917435
1881,10.2382,0.917435
1882,10.2382,0.917435
1883,10.2382,0.917435
1884,10.2382,0.917435
1885,10.2382,0.917435
1886,10.2382,0.917435
1887,10.2382,0.917435
1888,10.2382,0.917435
1889,10.2382,0.917435
1890,10.2382,0.917435
1891,10.2382,0.917435
1892,10.2382,0.917435
1893,10.2382,0.917435
1894,10.2382,0.917435
1895,10.2382,0.917435
1896,10.2382,0.917435
1897,10.2382,0.917435
1898,10.2382,0.917435
1899,10.2382,0.642902
1900,10.2382,0.642902
1901,10.2382,0.642902
1902,10.2382,0.642902
1903,10.2382,0.642902
1904,10.2382,0.642902
1905,10.2382,0.642902
1906,10.2382,0.642902
1907,10.2382,0.642902
1908,10.2382,0.642902
1909,10.2382,0.642902
1910,10.2382,0.642902
1911,10.2382,0.642902
1912,10.2382,0.642902
1913,10.2392,0.626165
1914,10.2392,0.626165
1915,10.2415,0.626165
1916,10.2445,0.61977
1917,10.2445,0.61977
1918,10.2445,0.61977
1919,10.2445,0.61977
1920,10.2445,0.61977
1921,10.2445,0.61977
1922,10.2445,0.61977
1923,10.2445,0.61977
1924,10.2445,0.61977
1925,10.2445,0.61977
1926,10.2445,0.61977
1927,10.2445,0.61977
1928,10.2445,0.61977
1929,10.2445,0.61977
1930,10.2445,0.61977
1931,10.2445,0.61977
1932,10.2445,0.61977
1933,10.2445,0.61977
1934,10.2445,0.61977
1935,10.2445,0.61977
1936,10.2445,0.61977
1937,10.2445,0.61977
1938,10.2445,0.61977
1939,10.2445,0.61977
1940,10.2445,0.61977
1941,10.2445,0.61977
1942,10.2445,0.61977
1943,10.2445,0.61977
1944,10.2445,0.61977
1945,10.2445,0.61977
1946,10.2445,0.61977
1947,10.2445,0.61977
1948,10.2445,0.61977
1949,10.2445,0.61977
1950,10.2445,0.61977
1951,10.2445,0.61977
1952,10.2445,0.61977
1953,10.2445,0.61977
1954,10.2445,0.61977
1955,10.2445,0.61977
1956,10.2445,0.61977
1957,10.2445,0.61977
1958,10.2445,0.61977
1959,10.2445,0.61977
1960,10.2445,0.61977
1961,10.2451,0.715008
1962,10.2451,0.715008
1963,10.2451,0.715008
1964,10.2451,0.715008
1965,10.2451,0.715008
1966,10.2451,0.715008
1967,10.2451,0.715008
1968,10.2451,0.715008
1969,10.2451,0.715008
1970,10.2451,0.715008
1971,10.2451,0.715008
1972,10.2451,0.715008
1973,10.2451,0.715008
1974,10.2451,0.715008
1975,10.2451,0.715008
1976,10.2451,0.715008
1977,10.2451,0.715008
1978,10.2451,0.715008
1979,10.2451,0.715008
1980,10.2451,0.715008
1981,10.2451,0.715008
1982,10.2451,0.715008
1983,10.2451,0.715008
1984,10.2451,0.715008
1985,10.2451,0.715008
1986,10.2451,0.715008
1987,10.2451,0.715008
1988,10.2451,0.715008
1989,10.2451,0.715008
1990,10.2451,0.715008
1991,10.2451,0.715008
1992,10.2451,0.715008
1993,10.2451,0.715008
1994,10.2451,0.715008
1995,10.2451,0.715008
1996,10.2451,0.715008
1997,10.2451,0.715008
1998,10.2451,0.715008
1999,10.2451,1
2000,10.2451,1
2001,10.2451,1
2002,10.2451,1
2003,10.2451,1
2004,10.2451,1
2005,10.2451,1
2006,10.2451,1
2007,10.2451,1
2008,10.2451,1
2009,10.2451,1
2010,10.2451,1
2011,10.2451,1
2012,10.2451,1
2013,10.2451,1
2014,10.2451,1
2015,10.2451,1
2016,10.2451,1
2017,10.2451,1
2018,10.2451,1
2019,10.2451,1
2020,10.2451,1
2021,10.2451,1
2022,10.2451,1
2023,10.2451,1
2024,10.2451,1
2025,10.2451,1
2026,10.2451,1
2027,10.2451,1
2028,10.2451,1
2029,10.2451,1
2030,10.2451,1
2031,10.2451,1
2032,10.2451,1
2033,10.2451,1
2034,10.2451,1
2035,10.2451,1
2036,10.2451,1
2037,10.2451,1
2038,10.2451,1
2039,10.2451,1
2040,10.2451,1
2041,10.2451,1
2042,10.2451,1
2043,10.2451,1
2044,10.2451,1
2045,10.2451,1
2046,10.2451,1
2047,10.2451,1
2048,10.2451,1
2049,10.2451,1
2050,10.2451,1
2051,10.2451,1
2052,10.2451,1
2053,10.2451,1
2054,10.2451,1
2055,10.2451,1
2056,10.2451,1
2057,10.2451,1
2058,10.2451,1
2059,10.2451,1
2060,10.2451,1
2061,10.2451,1
2062,10.2451,1
2063,10.2451,1
2064,10.2451,1
2065,10.2451,1
2066,10.2451,1
2067,10.2451,1
2068,10.2451,1
2069,10.2451,1
2070,10.2451,1
2071,10.2451,1
2072,10.2451,1
2073,10.2451,1
2074,10.2451,1
2075,10.2451,1
2076,10.2451,1
2077,10.2451,1
2078,10.2451,1
2079,10.2451,1
2080,10.2451,1
2081,10.2451,1
2082,10.2451,1
2083,10.2451,1
2084,10.2451,1
2085,10.2451,1
2086,10.2451,1
2087,10.2451,1
2088,10.2451,1
2089,10.2451,1
2090,10.2451,1
2091,10.2451,1
2092,10.2451,1
2093,10.2451,1
2094,10.2451,1
2095,10.2451,1
2096,10.2451,1
2097,10.2451,1
2098,10.2451,1
2099,10.2451,2.57639
2100,10.2451,2.57639
2101,10.2451,2.57639
2102,10.2451,2.57639
2103,10.2451,2.57639
2104,10.2451,2.57639
2105,10.2451,2.57639
2106,10.2451,2.57639
2107,10.2451,2.57639
2108,10.2451,2.57639
2109,10.2451,2.57639
2110,10.2451,2.57639
2111,10.2451,2.57639
2112,10.2451,2.57639
2113,10.2451,2.57639
2114,10.2451,2.57639
2115,10.2451,2.57639
2116,11.6131,2.65152
2117,11.7898,2.65152
2118,11.7898,2.65152
2119,11.7898,2.65152
2120,11.7898,2.65152
2121,11.7898,2.65152
2122,11.7898,2.65152
2123,11.8538,2.65256
2124,11.8538,2.65256
2125,11.8538,2.65256
2126,11.8538,2.65256
2127,11.8538,2.65256
2128,11.8538,2.65256
2129,11.8538,2.65256
2130,11.8538,2.65256
2131,11.8538,2.65256
2132,11.8538,2.65256
2133,11.8538,2.65256
2134,11.8538,2.65256
2135,11.8538,2.65256
2136,11.8538,2.65256
2137,11.8538,2.65256
2138,11.8538,2.65256
2139,11.8538,2.65256
2140,11.8538,2.65256
2141,11.8538,2.65256
2142,11.8538,2.65256
2143,11.8538,2.65256
2144,11.8538,2.65256
2145,11.8538,2.65256
2146,11.8538,2.65256
2147,11.8538,2.65256
2148,11.8538,2.65256
2149,11.8538,2.65256
2150,11.8538,2.65256
2151,11.8538,2.65256
2152,11.8538,2.65256
2153,11.8538,2.65256
2154,11.8538,2.65256
2155,11.8538,2.65256
2156,11.8538,2.65256
2157,11.8538,2.65256
2158,11.8538,2.65256
2159,11.8538,2.65256
2160,11.8538,2.65256
2161,11.8538,2.65256
2162,11.8538,2.65256
2163,11.8538,2.65256
2164,11.8538,2.65256
2165,11.8538,2.65256
2166,11.8538,2.65256
2167,11.8538,2.65256
2168,11.8538,2.65256
2169,11.8538,2.65256
2170,11.8538,2.65256
2171,11.8538,2.65256
2172,12.0315,2.66176
2173,12.0334,2.65629
2174,12.0334,2.65629
2175,12.0334,2.65629
2176,12.0334,2.65629
2177,12.1357,2.65629
2178,12.142,2.66266
2179,12.1469,2.65639
2180,12.1469,2.65639
2181,12.2423,2.66266
2182,12.2423,2.66266
2183,12.2423,2.66266
2184,12.2423,2.66266
2185,12.2423,2.66266
2186,12.2423,2.66266
2187,12.2423,2.66266
2188,12.3404,2.65749
2189,12.3404,2.65749
2190,12.3404,2.65749
2191,12.3404,2.65749
2192,12.3404,2.65749
2193,12.3404,2.65749
2194,12.3404,2.65749
2195,12.3404,2.65749
2196,12.3404,2.65749
2197,12.3404,2.65749
2198,12.3404,2.65749
2199,12.5613,0.572732
2200,12.647,0.572732
2201,12.6628,0.604473
2202,12.6628,0.604473
2203,12.6628,0.604473
2204,12.6628,0.604473
2205,12.6628,0.604473
2206,12.6628,0.604473
2207,12.6628,0.604473
2208,12.6659,0.604473
2209,12.6659,0.604473
2210,12.6659,0.604473
2211,12.6659,0.604473
2212,12.6659,0.604473
2213,12.6659,0.604473
2214,12.6659,0.604473
2215,12.6659,0.604473
2216,12.7577,0.552993
2217,12.7577,0.552993
2218,12.7577,0.552993
2219,12.7577,0.552993
2220,12.7577,0.552993
2221,12.7577,0.552993
2222,12.7681,0.587228
2223,12.7681,0.587228
2224,12.7681,0.587228
2225,12.7681,0.587228
2226,12.7681,0.587228
2227,12.7681,0.587228
2228,12.7681,0.587228
2229,12.7681,0.587228
2230,12.7681,0.587228
2231,12.8569,0.57636
2232,12.8569,0.57636
2233,12.8569,0.57636
2234,12.8569,0.57636
2235,12.8569,0.57636
2236,12.8569,0.57636
2237,12.8569,0.57636
2238,12.8569,0.57636
2239,12.8569,0.57636
2240,12.8687,0.567519
2241,12.8687,0.567519
2242,12.8687,0.567519
2243,12.8687,0.567519
2244,12.8687,0.567519
2245,12.8687,0.567519
2246,12.8687,0.567519
2247,12.8687,0.567519
2248,12.8687,0.567519
2249,12.8687,0.567519
2250,12.8687,0.567519
2251,12.8687,0.567519
2252,12.8687,0.567519
2253,12.8687,0.567519
2254,12.8687,0.567519
2255,12.8687,0.567519
2256,12.8687,0.567519
2257,12.8687,0.567519
2258,12.8687,0.567519
2259,12.8687,0.567519
2260,12.8687,0.567519
2261,12.8687,0.567519
2262,12.8687,0.567519
2263,12.8687,0.567519
2264,12.8687,0.567519
2265,12.8687,0.567519
2266,12.8687,0.567519
2267,12.8687,0.567519
2268,12.8687,0.567519
2269,12.8687,0.567519
2270,12.8687,0.567519
2271,12.8687,0.567519
2272,12.8687,0.567519
2273,12.8687,0.567519
2274,12.8687,0.567519
2275,12.8687,0.567519
2276,12.8687,0.567519
2277,12.8687,0.567519
2278,12.8687,0.567519
2279,12.8687,0.567519
2280,12.8687,0.567519
2281,12.8687,0.567519
2282,12.8687,0.567519
2283,12.8687,0.567519
2284,12.8687,0.567519
2285,12.8687,0.567519
2286,12.8687,0.567519
2287,12.8687,0.567519
2288,12.8687,0.567519
2289,12.8687,0.567519
2290,12.8687,0.567519
2291,12.8687,0.567519
2292,12.8687,0.567519
2293,12.8687,0.567519
2294,12.8687,0.567519
2295,12.8687,0.567519
2296,12.8687,0.567519
2297,12.8687,0.567519
2298,12.8687,0.567519
2299,12.8687,0.931199
2300,12.8687,0.931199
2301,12.8687,0.931199
2302,12.8687,0.931199
2303,12.8687,0.931199
2304,12.8687,0.931199
2305,12.8687,0.931199
2306,12.8687,0.931199
2307,12.8687,0.931199
2308,12.8687,0.931199
2309,12.8687,0.931199
2310,12.8687,0.931199
2311,12.8687,0.931199
2312,12.8687,0.931199
2313,12.8687,0.931199
2314,12.8687,0.931199
2315,12.8687,0.931199
2316,12.8687,0.931199
2317,12.8687,0.931199
2318,12.8687,0.931199
2319,12.8687,0.931199
2320,12.8687,0.931199
2321,12.8687,0.931199
2322,12.8687,0.931199
2323,12.8687,0.931199
2324,12.8687,0.931199
2325,12.8687,0.931199
2326,12.8687,0.931199
2327,12.8687,0.931199
2328,12.8687,0.931199
2329,12.8687,0.931199
2330,12.8687,0.931199
2331,12.8687,0.931199
2332,12.8687,0.931199
2333,12.8687,0.931199
2334,12.8687,0.931199
2335,12.8687,0.931199
2336,12.8687,0.931199
2337,12.8687,0.931199
2338,12.8687,0.931199
2339,12.8687,0.931199
2340,12.8687,0.931199
2341,12.8687,0.931199
2342,12.8687,0.931199
2343,12.8687,0.931199
2344,12.8687,0.931199
2345,12.8687,0.931199
2346,12.8687,0.931199
2347,12.8687,0.931199
2348,12.8687,0.931199
2349,12.8687,0.931199
2350,12.8687,0.931199
2351,12.8687,0.931199
2352,12.8687,0.931199
2353,12.8732,0.93479
2354,12.8732,0.93479
2355,12.8732,0.93479
2356,12.8732,0.93479
2357,12.8732,0.93479
2358,12.8732,0.93479
2359,12.8732,0.93479
2360,12.8732,0.93479
2361,12.8732,0.93479
2362,12.8732,0.93479
2363,12.8732,0.93479
2364,12.8732,0.93479
2365,12.8732,0.93479
2366,12.8732,0.93479
2367,12.8732,0.93479
2368,12.8732,0.93479
2369,12.8732,0.93479
2370,12.8755,0.93428
2371,12.8755,0.93428
2372,12.876,0.93428
2373,12.876,0.93428
2374,12.876,0.93428
2375,12.876,0.93428
2376,12.876,0.93428
2377,12.876,0.93428
2378,12.876,0.93428
2379,12.876,0.93428
2380,12.876,0.93428
2381,12.876,0.93428
2382,12.876,0.93428
2383,12.876,0.93428
2384,12.876,0.93428
2385,12.876,0.93428
2386,12.876,0.93428
2387,12.876,0.93428
2388,12.876,0.93428
2389,12.876,0.93428
2390,12.876,0.93428
2391,12.876,0.93428
2392,12.876,0.93428
2393,12.876,0.93428
2394,12.876,0.93428
2395,12.876,0.93428
2396,12.876,0.93428
2397,12.876,0.93428
2398,12.876,0.93428
2399,12.876,0.707907
2400,12.9058,0.707907
2401,12.9058,0.707907
2402,12.9058,0.707907
2403,12.9058,0.707907
2404,12.9058,0.707907
2405,12.9058,0.707907
2406,12.9058,0.707907
2407,12.9058,0.707907
2408,12.9058,0.707907
2409,12.9058,0.707907
2410,12.9058,0.707907
2411,12.9058,0.707907
2412,12.9058,0.707907
2413,12.9058,0.707907
2414,12.9058,0.707907
2415,12.9058,0.707907
2416,12.9058,0.707907
2417,12.9058,0.707907
2418,12.9058,0.707907
2419,12.9058,0.707907
2420,12.9058,0.707907
2421,12.9058,0.707907
2422,12.9058,0.707907
2423,12.9058,0.707907
2424,12.9058,0.707907
2425,12.9058,0.707907
2426,12.9058,0.707907
2427,12.9058,0.707907
2428,12.9058,0.707907
2429,12.9058,0.707907
2430,12.9058,0.707907
2431,12.9058,0.707907
2432,12.9058,0.707907
2433,12.9058,0.707907
2434,12.9058,0.707907
2435,12.9058,0.707907
2436,12.9058,0.707907
2437,12.9058,0.707907
2438,12.9058,0.707907
2439,12.9058,0.707907
2440,12.9058,0.707907
2441,12.9058,0.707907
2442,12.9058,0.707907
2443,12.9058,0.707907
2444,12.9058,0.707907
2445,12.9058,0.707907
2446,12.9058,0.707907
2447,12.9058,0.707907
2448,12.9058,0.707907
2449,12.9058,0.707907
2450,12.9058,0.707907
2451,12.9058,0.707907
2452,12.9058,0.707907
2453,12.9058,0.707907
2454,12.9058,0.707907
2455,12.9058,0.707907
2456,12.9058,0.707907
2457,12.9058,0.707907
2458,12.9058,0.707907
2459,12.9058,0.707907
2460,12.9058,0.707907
2461,12.9058,0.707907
2462,12.9058,0.707907
2463,12.9058,0.707907
2464,12.9058,0.707907
2465,12.9058,0.707907
2466,12.9058,0.707907
2467,12.9058,0.707907
2468,12.9058,0.707907
2469,12.9058,0.707907
2470,12.9058,0.707907
2471,12.9058,0.707907
2472,12.9058,0.707907
2473,12.9058,0.707907
2474,12.9058,0.707907
2475,12.9058,0.707907
2476,12.9058,0.707907
2477,12.9058,0.707907
2478,12.9058,0.707907
2479,12.9058,0.707907
2480,12.9058,0.707907
2481,12.9058,0.707907
2482,12.9058,0.707907
2483,12.9058,0.707907
2484,12.9058,0.707907
2485,12.9058,0.707907
2486,12.9058,0.707907
2487,12.9058,0.707907
2488,12.9058,0.707907
2489,12.9058,0.707907
2490,12.9058,0.707907
2491,12.9058,0.707907
2492,12.9058,0.707907
2493,12.9058,0.707907
2494,12.9058,0.707907
2495,12.9058,0.707907
2496,12.9058,0.707907
2497,12.9058,0.707907
2498,12.9058,0.707907
2499,12.9058,1
2500,12.9058,1
2501,12.9058,1
2502,12.9058,1
2503,12.9058,1
2504,12.9058,1
2505,12.9058,1
2506,12.9058,1
2507,12.9058,1
2508,12.9058,1
2509,12.9058,1
2510,12.9058,1
2511,12.9058,1
2512,12.9058,1
2513,12.9058,1
2514,12.9058,1
2515,12.9058,1
2516,12.9058,1
2517,12.9058,1
2518,12.9058,1
2519,12.9058,1
2520,12.9058,1
2521,12.9058,1
2522,12.9058,1
2523,12.9058,1
2524,12.9058,1
2525,12.9058,1
2526,12.9058,1
2527,12.9058,1
2528,12.9058,1
2529,12.9058,1
2530,12.9058,1
2531,12.9058,1
2532,12.9058,1
2533,12.9058,1
2534,12.9058,1
2535,12.9058,1
2536,12.9058,1
2537,12.9058,1
2538,12.9058,1
2539,12.9058,1
2540,12.9058,1
2541,12.9058,1
2542,12.9058,1
2543,12.9058,1
2544,12.9058,1
2545,12.9058,1
2546,12.9058,1
2547,12.9058,1
2548,12.9058,1
2549,12.9058,1
2550,12.9058,1
2551,12.9058,1
2552,12.9058,1
2553,12.9058,1
2554,12.9058,1
2555,12.9058,1
2556,12.9058,1
2557,12.9058,1
2558,12.9058,1
2559,12.9058,1
2560,12.9058,1
2561,12.9058,1
2562,12.9058,1
2563,12.9058,1
2564,12.9058,1
2565,12.9058,1
2566,12.9058,1
2567,12.9058,1
2568,12.9058,1
2569,12.9058,1
2570,12.9058,1
2571,12.9058,1
2572,12.9058,1
2573,12.9058,1
2574,12.9058,1
2575,12.9058,1
2576,12.9058,1
2577,12.9058,1
2578,12.9058,1
2579,12.9058,1
2580,12.9058,1
2581,12.9058,1
2582,12.9058,1
2583,12.9058,1
2584,12.9058,1
2585,12.9058,1
2586,12.9058,1
2587,12.9058,1
2588,12.9058,1
2589,12.9058,1
2590,12.9058,1
2591,12.9058,1
2592,12.9058,1
2593,12.9058,1
2594,12.9058,1
2595,12.9058,1
2596,12.9058,1
2597,12.9058,1
2598,12.9058,1
2599,12.9058,2.67514
2600,12.9058,2.67514
2601,12.9058,2.67514
2602,12.9058,2.67514
2603,12.9058,2.67514
2604,12.9058,2.67514
2605,12.9058,2.67514
2606,12.9058,2.67514
2607,12.9058,2.67514
2608,12.9058,2.67514
2609,12.9058,2.67514
2610,12.9058,2.67514
2611,12.9058,2.67514
2612,12.9058,2.67514
2613,12.9058,2.67514
2614,12.9058,2.67514
2615,12.9058,2.67514
2616,12.9058,2.67514
2617,12.9058,2.67514
2618,12.9058,2.67514
2619,12.9058,2.67514
2620,12.9058,2.67514
2621,12.9058,2.67514
2622,12.9058,2.67514
2623,12.9058,2.67514
2624,12.9058,2.67514
2625,12.9058,2.67514
2626,12.9058,2.67514
2627,12.9058,2.67514
2628,12.9058,2.67514
2629,12.9058,2.67514
2630,12.9058,2.67514
2631,12.9058,2.67514
2632,12.9058,2.67514
2633,12.9058,2.67514
2634,12.9058,2.67514
2635,12.9058,2.67514
2636,12.9058,2.67514
2637,12.9058,2.67514
2638,12.9058,2.67514
2639,12.9058,2.67514
2640,12.9058,2.67514
2641,12.9058,2.67514
2642,12.9058,2.67514
2643,12.9058,2.67514
2644,12.9058,2.67514
2645,12.9058,2.67514
2646,12.9058,2.67514
2647,12.9058,2.67514
2648,12.9058,2.67514
2649,12.9058,2.67514
2650,12.9058,2.67514
2651,12.9058,2.67514
2652,12.9058,2.67514
2653,12.9058,2.67514
2654,12.9058,2.67514
2655,12.9058,2.67514
2656,12.9058,2.67514
2657,12.9058,2.67514
2658,12.9058,2.67514
2659,12.9058,2.67514
2660,12.9058,2.67514
2661,12.9058,2.67514
2662,12.9058,2.67514
2663,12.9058,2.67514
2664,12.9058,2.67514
2665,12.9058,2.67514
2666,12.9058,2.67514
2667,12.9058,2.67514
2668,12.9058,2.67514
2669,12.9058,2.67514
2670,12.9058,2.67514
2671,12.9058,2.67514
2672,12.9058,2.67514
2673,12.9058,2.67514
2674,12.9058,2.67514
2675,12.9058,2.67514
2676,12.9058,2.67514
2677,12.9058,2.67514
2678,12.9058,2.67514
2679,12.9058,2.67514
2680,12.9058,2.67514
2681,12.9058,2.67514
2682,12.9058,2.67514
2683,12.9058,2.67514
2684,12.9058,2.67514
2685,12.9058,2.67514
2686,12.9058,2.67514
2687,12.9058,2.67514
2688,12.9058,2.67514
2689,12.9058,2.67514
2690,12.9058,2.67514
2691,12.9058,2.67514
2692,12.9058,2.67514
2693,12.9058,2.67514
2694,12.9058,2.67514
2695,12.9058,2.67514
2696,12.9058,2.67514
2697,12.9058,2.67514
2698,12.9058,2.67514
2699,12.9058,0.560779
2700,12.9058,0.560779
2701,12.9058,0.560779
2702,12.9058,0.560779
2703,12.9058,0.560779
2704,12.9058,0.560779
2705,12.9058,0.560779
2706,12.9058,0.560779
2707,12.9058,0.560779
2708,12.9058,0.560779
2709,12.9058,0.560779
2710,12.9058,0.560779
2711,12.9058,0.560779
2712,12.9058,0.560779
2713,12.9058,0.560779
2714,12.9058,0.560779
2715,12.9058,0.560779
2716,12.9058,0.560779
2717,12.9058,0.560779
2718,12.9058,0.560779
2719,12.9058,0.560779
2720,12.9058,0.560779
2721,12.9058,0.560779
2722,12.9058,0.560779
2723,12.9058,0.560779
2724,12.9058,0.560779
2725,12.9058,0.560779
2726,12.9058,0.560779
2727,12.9058,0.560779
2728,12.9058,0.560779
2729,12.9058,0.560779
2730,12.9058,0.560779
2731,12.9058,0.560779
2732,12.9058,0.560779
2733,12.9058,0.560779
2734,12.9058,0.560779
2735,12.9058,0.560779
2736,12.9058,0.560779
2737,12.9058,0.560779
2738,12.9058,0.560779
2739,12.9058,0.560779
2740,12.9058,0.560779
2741,12.9058,0.560779
2742,12.9058,0.560779
2743,12.9058,0.560779
2744,12.9058,0.560779
2745,12.9058,0.560779
2746,12.9058,0.560779
2747,12.9058,0.560779
2748,12.9058,0.560779
2749,12.9058,0.560779
2750,12.9058,0.560779
2751,12.9058,0.560779
2752,12.9058,0.560779
2753,12.9058,0.560779
2754,12.9058,0.560779
2755,12.9058,0.560779
2756,12.9058,0.560779
2757,12.9058,0.560779
2758,12.9058,0.560779
2759,12.9058,0.560779
2760,12.9058,0.560779
2761,12.9058,0.560779
2762,12.9058,0.560779
2763,12.9058,0.560779
2764,12.9058,0.560779
2765,12.9058,0.560779
2766,12.9058,0.560779
2767,12.9058,0.560779
2768,12.9058,0.560779
2769,12.9058,0.560779
2770,12.9058,0.560779
2771,12.9058,0.560779
2772,12.9058,0.560779
2773,12.9058,0.560779
2774,12.9058,0.560779
2775,12.9058,0.560779
2776,12.9058,0.560779
2777,12.9058,0.560779
2778,12.9174,0.613245
2779,12.9208,0.613245
2780,12.9217,0.613245
2781,12.9217,0.613245
2782,12.9217,0.613245
2783,12.9217,0.613245
2784,12.9217,0.613245
2785,12.9217,0.613245
2786,12.9217,0.613245
2787,12.9274,0.618885
2788,12.9274,0.618885
2789,12.9274,0.618885
2790,12.9274,0.618885
2791,12.9274,0.618885
2792,12.9274,0.618885
2793,12.9274,0.618885
2794,12.9274,0.618885
2795,12.9274,0.618885
2796,12.9274,0.618885
2797,12.9274,0.618885
2798,12.9274,0.618885
2799,12.9274,0.970279
2800,12.9604,0.946434
2801,12.9604,0.946434
2802,12.9604,0.946434
2803,12.9604,0.946434
2804,12.9604,0.946434
2805,12.9604,0.946434
2806,12.9604,0.946434
2807,12.9604,0.946434
2808,12.9604,0.946434
2809,12.9604,0.946434
2810,12.9604,0.946434
2811,12.9604,0.946434
2812,12.9604,0.946434
2813,12.9604,0.946434
2814,12.9604,0.946434
2815,12.9604,0.946434
2816,12.9604,0.946434
2817,12.9604,0.946434
2818,12.9604,0.946434
2819,12.9604,0.946434
2820,12.969,0.946434
2821,12.969,0.946434
2822,12.969,0.946434
2823,12.969,0.946434
2824,12.969,0.946434
2825,12.969,0.946434
2826,12.969,0.946434
2827,12.969,0.946434
2828,12.969,0.946434
2829,12.969,0.946434
2830,12.969,0.946434
2831,12.969,0.946434
2832,12.969,0.946434
2833,12.969,0.946434
2834,12.969,0.946434
2835,12.969,0.946434
2836,12.969,0.946434
2837,12.969,0.946434
2838,12.969,0.946434
2839,12.969,0.946434
2840,12.969,0.946434
2841,12.969,0.946434
2842,12.969,0.946434
2843,12.969,0.946434
2844,12.969,0.946434
2845,12.969,0.946434
2846,12.969,0.946434
2847,12.969,0.946434
2848,12.969,0.946434
2849,12.969,0.946434
2850,12.969,0.946434
2851,12.969,0.946434
2852,12.969,0.946434
2853,12.969,0.946434
2854,12.969,0.946434
2855,12.969,0.946434
2856,12.969,0.946434
2857,12.969,0.946434
2858,12.969,0.946434
2859,12.969,0.946434
2860,12.969,0.946434
2861,12.969,0.946434
2862,12.969,0.946434
2863,12.969,0.946434
2864,12.969,0.946434
2865,12.969,0.946434
2866,12.969,0.946434
2867,12.969,0.946434
2868,12.969,0.946434
2869,12.969,0.946434
2870,12.969,0.946434
2871,12.969,0.946434
2872,12.969,0.946434
2873,12.969,0.946434
2874,12.969,0.946434
2875,12.969,0.946434
2876,12.969,0.946434
2877,12.969,0.946434
2878,12.969,0.946434
2879,12.969,0.946434
2880,12.969,0.946434
2881,12.969,0.946434
2882,12.969,0.946434
2883,12.969,0.946434
2884,12.969,0.946434
2885,12.969,0.946434
2886,12.969,0.946434
2887,12.969,0.946434
2888,12.969,0.946434
2889,12.969,0.946434
2890,12.969,0.946434
2891,12.969,0.946434
2892,12.969,0.946434
2893,12.969,0.946434
2894,12.969,0.946434
2895,12.969,0.946434
2896,12.969,0.946434
2897,12.969,0.946434
2898,12.969,0.946434
2899,12.969,0.760278
2900,12.969,0.760278
2901,12.969,0.760278
2902,12.969,0.760278
2903,12.969,0.760278
2904,12.969,0.760278
2905,12.969,0.760278
2906,12.969,0.760278
2907,12.969,0.760278
2908,12.969,0.760278
2909,12.969,0.760278
2910,12.969,0.760278
2911,12.969,0.760278
2912,12.969,0.760278
2913,12.969,0.760278
2914,12.969,0.760278
2915,12.969,0.760278
2916,12.969,0.760278
2917,12.969,0.760278
2918,12.969,0.760278
2919,12.969,0.760278
2920,12.969,0.760278
2921,12.969,0.760278
2922,12.969,0.760278
2923,12.969,0.760278
2924,12.969,0.760278
2925,12.969,0.760278
2926,12.969,0.760278
2927,12.969,0.760278
2928,12.969,0.760278
2929,12.969,0.760278
2930,12.969,0.760278
2931,12.969,0.760278
2932,12.969,0.760278
2933,12.969,0.760278
2934,12.969,0.760278
2935,12.969,0.760278
2936,12.969,0.760278
2937,12.969,0.760278
2938,12.969,0.760278
2939,12.969,0.760278
2940,12.969,0.760278
2941,12.969,0.760278
2942,12.969,0.760278
2943,12.969,0.760278
2944,12.969,0.760278
2945,12.969,0.760278
2946,12.969,0.760278
2947,12.969,0.760278
2948,12.969,0.760278
2949,12.969,0.760278
2950,12.969,0.760278
2951,12.969,0.760278
2952,12.969,0.760278
2953,12.969,0.760278
2954,12.969,0.760278
2955,12.969,0.760278
2956,12.969,0.760278
2957,12.969,0.760278
2958,12.969,0.760278
2959,12.969,0.760278
2960,12.9701,0.608697
2961,12.9701,0.608697
2962,12.9705,0.608697
2963,12.9705,0.608697
2964,12.9705,0.608697
2965,12.9705,0.608697
2966,12.9705,0.608697
2967,12.9705,0.608697
2968,12.9705,0.608697
2969,12.9705,0.608697
2970,12.9705,0.608697
2971,12.9705,0.608697
2972,12.9705,0.608697
2973,12.9705,0.608697
2974,12.9705,0.608697
2975,12.9705,0.608697
2976,12.9705,0.608697
2977,12.9705,0.608697
2978,12.9705,0.608697
2979,12.9705,0.608697
2980,12.9705,0.608697
2981,12.9705,0.608697
2982,12.9705,0.608697
2983,12.9705,0.608697
2984,12.9705,0.608697
2985,12.9705,0.608697
2986,12.9705,0.608697
2987,12.9705,0.608697
2988,12.9718,0.608286
2989,12.9718,0.608286
2990,12.9718,0.608286
2991,12.9718,0.608286
2992,12.9718,0.608286
2993,12.9718,0.608286
2994,12.9718,0.608286
2995,12.9718,0.608286
2996,12.9718,0.608286
2997,12.9718,0.608286
2998,12.9718,0.608286
2999,12.9718,1
